x,y
-2.325153874991144e-18,1.7992664124331286e-45
0.1018899999252118,5.220992229343491e-12
0.2107899999223231,2.22793565673274e-11
0.3196899999194315,5.1196928714950723e-11
0.42858999991654706,9.197370903309468e-11
0.5374899999136603,1.4460969782579845e-10
0.6463899999107762,2.0910489560121573e-10
0.7552899999078925,2.854593028378337e-10
0.8641899999050088,3.736729196521676e-10
0.9730899999021251,4.737457461153724e-10
1.0819899998992413,5.856777822854072e-10
1.1908899998963576,7.094690282105176e-10
1.2997899998934739,8.451194839309637e-10
1.4086899998905902,9.926291494803704e-10
1.5175899998877065,1.1519980248868309e-09
1.6264899998848228,1.3232261101738054e-09
1.735389999881939,1.5063134053608814e-09
1.8442899998790554,1.7012599104644212e-09
1.9531899998761721,1.9080656253890097e-09
2.0620899998732924,2.126730549770754e-09
2.170989999870412,2.3572546836164693e-09
2.279889999867534,2.5996380270103757e-09
2.3887899998646485,2.853880580026536e-09
2.4976899998617648,3.119982342727072e-09
2.606589999858919,3.3979433151639488e-09
2.715489999856075,3.687763497380505e-09
2.8243899998532314,3.9894428894129616e-09
2.9332899998503876,4.302981491291559e-09
3.042189999847544,4.628379303041547e-09
3.1510899998447,4.9656363246840235e-09
3.2599899998418564,5.314752556236585e-09
3.3688899998390127,5.675727997713953e-09
3.477789999836169,6.048562649128417e-09
3.5866899998333106,6.433256510452444e-09
3.6955899998304504,6.82980958160257e-09
3.804489999827588,7.2382218625939196e-09
3.913389999824723,7.658493353452712e-09
4.022289999821875,8.0906240542106e-09
4.131189999818996,8.534613965192694e-09
4.240089999816123,8.990463086613137e-09
4.348989999813245,9.458171418417052e-09
4.457889999810362,9.93773896054231e-09
4.566789999807507,1.0429165712936006e-08
4.675689999804614,1.093245167555377e-08
4.784589999801685,1.1447596848358573e-08
4.893489999798842,1.1974601231319662e-08
5.002389999795998,1.2513464824411068e-08
5.111289999793154,1.30641876276112e-08
5.2201899997903105,1.3626769640902033e-08
5.329089999787467,1.4201210864268523e-08
5.437989999784623,1.478751129769809e-08
5.546889999781779,1.538567094118022e-08
5.655789999778936,1.5995689794706167e-08
5.76468999977609,1.6617567858253925e-08
5.873589999773234,1.7251305131490226e-08
5.982489999770371,1.7896901614236092e-08
6.091389999767511,1.855435730655763e-08
6.20028999976464,1.9223672208523595e-08
6.309189999761796,1.9904846320192416e-08
6.41808999975894,2.059787964161276e-08
6.526989999756067,2.1302772172825528e-08
6.635889999753223,2.2019523913864986e-08
6.744789999750379,2.2748134864759477e-08
6.853689999747536,2.3488605025532825e-08
6.962589999744692,2.424093439620487e-08
7.071489999741848,2.500512297679221e-08
7.180389999739004,2.5781170767308683e-08
7.289289999736161,2.656907776776585e-08
7.398189999733317,2.7368843978173392e-08
7.507089999730466,2.8180469398563017e-08
7.615989999727601,2.900395402928188e-08
7.7248899997247396,2.983929787046726e-08
7.833789999721878,3.068650092205321e-08
7.9426899997190255,3.1545563183869134e-08
8.051589999716168,3.241648465547577e-08
8.160489999713322,3.329926533690121e-08
8.269389999710478,3.419390522857714e-08
8.378289999707635,3.5100404330572666e-08
8.48718999970479,3.601876264284035e-08
8.596089999701947,3.694898016533564e-08
8.704989999699103,3.789105689802124e-08
8.81388999969626,3.884499284085258e-08
8.922789999693416,3.981078799377389e-08
9.031689999690572,4.0788442356762485e-08
9.140589999687728,4.177795592980732e-08
9.249489999684883,4.277932871286711e-08
9.35838999968204,4.3792560705578444e-08
9.467289999679195,4.4817651907826086e-08
9.576189999676352,4.5854602319676906e-08
9.685089999673508,4.6903411941195445e-08
9.793989999670664,4.796408077243641e-08
9.902889999667819,4.9036608813540317e-08
10.011789999664973,5.012099606492559e-08
10.120689999662108,5.121724252663946e-08
10.229589999659241,5.232534819863219e-08
10.338489999656398,5.3445313080858285e-08
10.447389999653554,5.457713717327903e-08
10.55628999965066,5.572082047585728e-08
10.665189999647808,5.687636298829074e-08
10.77408999964495,5.8043764710322906e-08
10.882989999636038,-6.303872124263949e-07
10.991889998219301,-1.6140677066755497e-05
11.100789980344327,-7.56540462682238e-05
11.209689849786134,-0.00023901808708664022
11.318589255089858,-0.0005918858355861506
11.427487104867064,-0.0012664889256501332
11.536380914330126,-0.0024162053247140524
11.64526542226586,-0.004239106485801447
11.754131490963003,-0.006942675033662476
11.862965606238548,-0.010715432138700551
11.9717497819887,-0.01572243713275091
12.080461865925207,-0.022103667547470514
12.189075924085678,-0.029977438004926648
12.29756270479736,-0.039443350538280436
12.405890126539347,-0.050584834901482384
12.514023753467518,-0.06347134783444822
12.621927236930524,-0.07816028021042157
12.729562711566581,-0.09469860969356157
12.836891141586614,-0.11312432993098699
12.943872617425528,-0.13346768313494597
13.050466605742312,-0.15575221995377453
13.156632157274416,-0.17999570814840096
13.262328077716994,-0.20621090948194853
13.367513066891695,-0.2344062422628564
13.47214583122035,-0.26458634511795615
13.576185174072442,-0.29675255580796894
13.679590068024325,-0.33090331724822725
13.78231971251217,-0.36703452137291115
13.884333579830086,-0.40513980009325956
13.985591451921861,-0.4452107713450277
14.086053450016765,-0.48723724712116173
14.18568005870998,-0.5312074093750924
14.284432145851394,-0.5771079588520742
14.382270979274542,-0.624924241134036
14.479158241200311,-0.6746403535463614
14.575056040961002,-0.7262392360159202
14.669926926543129,-0.7797027484931871
14.76373389532794,-0.8350117371440546
14.856440404310392,-0.8921460911684916
14.948010380007297,-0.9510847918113804
15.038408228202792,-1.0118059548796854
15.127598843633601,-1.0742868678690136
15.215547619682717,-1.138504022625152
15.302220458123205,-1.2044331443162348
15.387583778932457,-1.2720492173635902
15.471604530184342,-1.3413265088744366
15.554250198014724,-1.4122385900293166
15.635488816648786,-1.484758355802487
15.715288978474204,-1.558858043331103
15.793619844135357,-1.6345092491910407
15.870451152642723,-1.711682945812621
15.945753231448624,-1.790349497192621
16.0194970064934,-1.8704786740781398
16.091654012184378,-1.9520396687319643
16.16219640129211,-2.0350011093875136
16.2310969547426,-2.1193310744774503
16.298329091287375,-2.204997106705875
16.363866877033804,-2.291966227021463
16.427685034819415,-2.3802049485381143
16.48975895341549,-2.469679290441355
16.55006469654607,-2.5603547919107075
16.60857901170813,-2.6521965260800013
16.665279338792768,-2.745169114072701
16.720143818468376,-2.839236739082643
16.773151300354925,-2.9343631605722766
16.824281350951022,-3.030511728550801
16.87351426131821,-3.1276453979578056
16.92083105451308,-3.225726743152887
16.966213492760616,-3.3247179725140454
17.009644084362698,-3.424580943145409
17.05110609033648,-3.525277175694604
17.090583530777522,-3.6267678692785004
17.128061190943445,-3.729013916515238
17.16352462705322,-3.8319759186597415
17.19696017179917,-3.935614200839901
17.228354939567442,-4.0398888273890226
17.25769683136452,-4.144759617271382
17.284974539446004,-4.2501861595947705
17.310177551645918,-4.356127829206935
17.333296155403303,-4.4625438023692565
17.354321441484917,-4.569393072505871
17.373245307400897,-4.676634466017098
17.390060460512192,-4.784226658155286
17.40476042082869,-4.892128188959051
17.41733952349553,-5.0002974792362
17.427792920967303,-5.108692846591775
17.436116584868394,-5.217272521494653
17.442307307539085,-5.325994663376916
17.446362703266203,-5.434817376760007
17.448281209197933,-5.543698727401359
17.44806208594217,-5.65259675845526
17.44570541784829,-5.761469506642523
17.44121211297201,-5.870275018421938
17.434583902723055,-5.978971366157818
17.42582334119605,-6.0875166642775245
17.41493380418479,-6.195869085412662
17.401919487879958,-6.303986876517128
17.386785407251082,-6.411828374956483
17.369537394112882,-6.519352024564225
17.350182094877468,-6.626516391653715
17.328726967992402,-6.733280180985457
17.305180281065823,-6.83960225168084
17.279551139658956,-6.945441641114757
17.251863328352847,-7.0507612929622425
17.22222052378471,-7.155547753446533
17.1909886684614,-7.259872402605136
17.15876381618158,-7.3638950940987495
17.126038234136455,-7.467761539494132
17.093210107288623,-7.571595654450436
17.060609627663638,-7.6755014085169675
17.0285149738868,-7.779564402801141
16.997162846348807,-7.883853368974721
16.966755873681517,-7.988421666200842
16.937468119029617,-8.093308788528526
16.909449369583946,-8.198541863814427
16.8828286035051,-8.304137113579802
16.857716868692638,-8.410101243052374
16.83420971756112,-8.51643273640033
16.812389290174426,-8.623123040185105
16.792326108063364,-8.730157626139405
16.77408062344412,-8.83751693137966
16.75770455803143,-8.94517717951812
16.74324205909395,-9.053111089913257
16.730730696079736,-9.161288484608177
16.720202318048305,-9.26967680365201
16.711683789732344,-9.378241539782348
16.705197622030312,-9.486946603128112
16.70076251094983,-9.595754625894445
16.698393797415452,-9.704627216075002
16.698103858888246,-9.813525168242096
16.699902442408792,-9.922408638445543
16.703796826413807,-10.031237294697094
16.70973230739056,-10.139973968627437
16.71745793226926,-10.248598566758837
16.72656320505351,-10.357116778964135
16.736496597374813,-10.465562662748514
16.746786529494646,-10.573975416585
16.757046616416577,-10.682390992315186
16.766954292425282,-10.790839261608626
16.776237238549506,-10.89934267155206
16.784664110675198,-11.007915782635092
16.792037786191948,-11.116565355411359
16.79819017081906,-11.225290777828693
16.802978029653257,-11.33408469252398
16.806279533241494,-11.442933725359094
16.80799133465105,-11.551819246006735
16.808026063594443,-11.660718113530361
16.80631016315589,-11.769603376807597
16.802782017013797,-11.87844491238538
16.79739032785206,-11.987209991662517
16.790092715214428,-12.095863775763716
16.780854505814407,-12.204369740771996
16.769647692614384,-12.312690038565202
16.756450041549645,-12.42078579985881
16.741244326958817,-12.528617386555386
16.72401767876043,-12.636144600432699
16.70476102625491,-12.743326854774477
16.683468625148304,-12.850123314949226
16.660137655992123,-12.95649301323475
16.634767883703297,-13.062394942487229
16.607361369165023,-13.16778813257826
16.577964497343682,-13.272643821309607
16.546919881175953,-13.37702419428524
16.514729591554225,-13.4810574776094
16.481899877025445,-13.584891017570605
16.448854024345078,-13.688656047091728
16.415940774803836,-13.792463177247527
16.383452733278233,-13.89640406777245
16.351638247410985,-14.00055296206313
16.320709602626422,-14.104968197914253
16.290849015929915,-14.209693724948997
16.2622132429324,-14.314760618512405
16.23493726305677,-14.420188562409123
16.209137316951534,-14.525987269494632
16.184913462821434,-14.632157813331075
16.162351757028603,-14.738693851605078
16.14152612885029,-14.845582730165388
16.12249999856828,-14.952806463898023
16.10532767576486,-15.060342596525745
16.0900555671681,-15.168164945630254
16.07672321851129,-15.27624424193252
