x,y,cross_track_error_m
-2.325153874991144e-18,1.7992664124331286e-45,9.852218574152192e-29
0.1018899999252118,5.220992229343491e-12,5.354000214674932e-12
0.2107899999223231,2.22793565673274e-11,3.718740977782224e-13
0.3196899999194315,5.119692871495072e-11,5.467038917795338e-12
0.428589999916547,9.197370903309468e-11,1.1200955639402328e-12
0.5374899999136603,1.4460969782579842e-10,5.3658437273974415e-12
0.6463899999107762,2.091048956012157e-10,1.8074829048604446e-12
0.7552899999078925,2.8545930283783365e-10,5.203812616577167e-12
0.8641899999050088,3.7367291965216755e-10,2.4340327475366253e-12
0.9730899999021252,4.737457461153723e-10,4.980943227065111e-12
1.0819899998992413,5.856777822854071e-10,2.9997440341146315e-12
1.1908899998963576,7.094690282105175e-10,4.6972351632613425e-12
1.299789999893474,8.451194839309636e-10,3.504616728934164e-12
1.4086899998905902,9.926291494803704e-10,4.352688827912865e-12
1.5175899998877065,1.1519980248868307e-09,3.948651286935409e-12
1.6264899998848228,1.3232261101738054e-09,3.947304118369253e-12
1.735389999881939,1.5063134053608812e-09,4.3318472115254495e-12
1.8442899998790556,1.701259910464421e-09,3.4810805298570816e-12
1.953189999876172,1.9080656253890092e-09,4.654203900704672e-12
2.0620899998732924,2.126730549770754e-09,2.9540177332558686e-12
2.170989999870412,2.357254683616469e-09,4.915721810398901e-12
2.279889999867534,2.5996380270103757e-09,2.366116201629172e-12
2.3887899998646485,2.853880580026536e-09,5.116400756123491e-12
2.4976899998617648,3.119982342727072e-09,1.7173755547510156e-12
2.606589999858919,3.3979433151639484e-09,5.256240420322979e-12
2.715489999856075,3.687763497380505e-09,1.0077954631470895e-12
2.824389999853232,3.9894428894129616e-09,5.335240095777792e-12
2.933289999850388,4.302981491291559e-09,2.3737481079730543e-13
3.042189999847544,4.628379303041547e-09,5.353399088895333e-12
3.1510899998447,4.9656363246840235e-09,2.4821344264088447e-13
3.2599899998418564,5.314752556236585e-09,5.310717578984785e-12
3.3688899998390127,5.675727997713953e-09,9.941117914754287e-13
3.477789999836169,6.048562649128417e-09,5.207196061872267e-12
3.5866899998333106,6.433256510452444e-09,1.679170426584241e-12
3.6955899998304496,6.8298095816025704e-09,5.042834973922851e-12
3.804489999827588,7.238221862593918e-09,2.3033896837968596e-12
3.913389999824723,7.658493353452712e-09,4.817634529826301e-12
4.022289999821875,8.0906240542106e-09,2.866769377364088e-12
4.131189999818996,8.534613965192694e-09,4.531593785782774e-12
4.240089999816123,8.990463086613137e-09,3.3693075386002036e-12
4.348989999813245,9.458171418417052e-09,4.184710568963334e-12
4.457889999810362,9.93773896054231e-09,3.8110031024919704e-12
4.566789999807507,1.0429165712936006e-08,3.7769851613571624e-12
4.675689999804614,1.093245167555377e-08,4.1918566965965036e-12
4.784589999801685,1.1447596848358572e-08,3.308417782251493e-12
4.893489999798842,1.1974601231319662e-08,4.511868397773771e-12
5.002389999795998,1.2513464824411068e-08,2.7790086766572236e-12
5.111289999793154,1.30641876276112e-08,4.771038617173897e-12
5.220189999790311,1.3626769640902033e-08,2.1887583545229298e-12
5.329089999787467,1.4201210864268524e-08,4.969367850488171e-12
5.437989999784623,1.4787511297698092e-08,1.5376672240308112e-12
5.546889999781779,1.5385670941180223e-08,5.1068564267508436e-12
5.655789999778936,1.5995689794706167e-08,8.257355555977904e-13
5.76468999977609,1.6617567858253925e-08,5.183504576171242e-12
5.873589999773234,1.7251305131490226e-08,5.296389329860681e-14
5.982489999770371,1.7896901614236092e-08,5.199313624986241e-12
6.091389999767511,1.855435730655763e-08,1.244537763317528e-13
6.20028999976464,1.9223672208523595e-08,5.154284224100955e-12
6.309189999761796,1.9904846320192416e-08,8.680049700737666e-13
6.41808999975894,2.059787964161276e-08,5.048415925845237e-12
6.526989999756067,2.1302772172825528e-08,1.5507170898323614e-12
6.635889999753223,2.2019523913864983e-08,4.881708401348619e-12
6.744789999750379,2.274813486475948e-08,2.1725898591273803e-12
6.853689999747536,2.3488605025532825e-08,4.654161419725139e-12
6.962589999744692,2.4240934396204873e-08,2.733623083743433e-12
7.071489999741848,2.500512297679221e-08,4.3657748186885795e-12
7.180389999739004,2.5781170767308683e-08,3.23381662747696e-12
7.289289999736161,2.6569077767765853e-08,4.016548484468518e-12
7.398189999733317,2.7368843978173392e-08,3.673170394791909e-12
7.507089999730466,2.8180469398563017e-08,3.6064823133331978e-12
7.615989999727601,2.9003954029281884e-08,4.0516839067076926e-12
7.7248899997247396,2.9839297870467264e-08,3.1355750246713724e-12
7.833789999721878,3.0686500922053214e-08,4.369355747246611e-12
7.9426899997190255,3.1545563183869134e-08,2.6038262318621325e-12
8.051589999716168,3.241648465547577e-08,4.626186988080706e-12
8.160489999713322,3.3299265336901215e-08,2.0112379438459445e-12
8.269389999710478,3.419390522857714e-08,4.8221790794428786e-12
8.378289999707635,3.5100404330572666e-08,1.3578100246409332e-12
8.48718999970479,3.601876264284035e-08,4.957331092799731e-12
8.596089999701947,3.6948980165335646e-08,6.435420065459453e-13
8.704989999699103,3.789105689802124e-08,5.031643014592118e-12
8.81388999969626,3.8844992840852583e-08,1.3156609986434216e-13
8.922789999693416,3.9810787993773894e-08,5.045114899552927e-12
9.031689999690572,4.078844235676249e-08,5.858433896512914e-16
9.140589999687728,4.1777955929807324e-08,4.99774684922685e-12
9.249489999684885,4.277932871286711e-08,7.417978583912347e-13
9.35838999968204,4.379256070557845e-08,4.889539284013543e-12
9.467289999679195,4.4817651907826086e-08,1.4221711924227603e-12
9.576189999676352,4.5854602319676906e-08,4.7204935347605865e-12
9.685089999673508,4.690341194119545e-08,2.0417062324525536e-12
9.793989999670664,4.7964080772436414e-08,4.490609239970199e-12
9.90288999966782,4.903660881354032e-08,2.6004025578691994e-12
10.011789999664972,5.012099606492559e-08,4.1998859206121625e-12
10.120689999662108,5.1217242526639465e-08,3.0982591848637816e-12
10.22958999965924,5.2325348198632196e-08,3.848322491763003e-12
10.338489999656398,5.344531308085829e-08,3.5352757464261886e-12
10.447389999653554,5.457713717327903e-08,3.4359189885414995e-12
10.55628999965066,5.572082047585728e-08,3.911452211844859e-12
10.665189999647808,5.687636298829075e-08,2.962675679357836e-12
10.77408999964495,5.8043764710322906e-08,4.226789654006134e-12
10.882989999636038,-6.303872124263949e-07,6.896126666623632e-07
10.9918899982193,-1.6140677066755497e-05,1.6201095693811815e-05
11.100789980344327,-7.56540462682238e-05,7.571566522681899e-05
11.209689849786134,-0.0002390180870866,0.00014927038997304123
11.318589255089858,-0.0005918858355861,0.00038374772274685307
11.427487104867064,-0.0012664889256501,7.337247238359473e-05
11.536380914330126,-0.002416205324714,6.092088045480767e-05
11.64526542226586,-0.0042391064858014,0.0011137928909698152
11.754131490963005,-0.0069426750336624,0.0016073438358058662
11.862965606238548,-0.0107154321387005,0.0036744396956546192
11.9717497819887,-0.0157224371327509,0.004718687698509419
12.080461865925209,-0.0221036675474705,0.007427228129156272
12.189075924085678,-0.0299774380049266,0.009036395714424862
12.29756270479736,-0.0394433505382804,0.012146816441090561
12.405890126539347,-0.0505848349014823,0.01424559286819893
12.514023753467518,-0.0634713478344482,0.01762326415670126
12.621927236930524,-0.0781602802104215,0.020133999285084907
12.72956271156658,-0.0946986096935615,0.023673029141514566
12.836891141586614,-0.1131243299309869,0.0265236930808596
12.943872617425528,-0.1334676831349459,0.030142500821503847
13.050466605742312,-0.1557522199537745,0.03327010685085574
13.156632157274416,-0.1799957081484009,0.0369068789731631
13.262328077716994,-0.2062109094819485,0.04025819729964207
13.367513066891696,-0.2344062422628564,0.043866706998591826
13.47214583122035,-0.2645863451179561,0.04739757303295425
13.576185174072442,-0.2967525558079689,0.05094360277558443
13.679590068024323,-0.3309033172482272,0.05461763670509059
13.78231971251217,-0.3670345213729111,0.05807606232885674
13.884333579830086,-0.4051398000932595,0.06186325859001165
13.98559145192186,-0.4452107713450277,0.06521575119928782
14.086053450016763,-0.4872372471211617,0.06909116577066685
14.18568005870998,-0.5312074093750924,0.0723244232251908
14.284432145851394,-0.5771079588520742,0.07626705156807041
14.382270979274542,-0.624924241134036,0.07937146092035238
14.479158241200311,-0.6746403535463614,0.08336332687994741
14.575056040961002,-0.7262392360159202,0.08633196573658564
14.669926926543129,-0.7797027484931871,0.0903574067835817
14.76373389532794,-0.8350117371440546,0.09318530502122935
14.856440404310392,-0.8921460911684916,0.09723042532987013
14.948010380007297,-0.9510847918113804,0.09991402346878715
15.038408228202792,-1.0118059548796854,0.1039662834188844
15.1275988436336,-1.0742868678690136,0.10650303769724676
15.215547619682717,-1.138504022625152,0.1105509506534738
15.302220458123204,-1.2044331443162348,0.11293904649932887
15.387583778932456,-1.2720492173635902,0.11697195799877565
15.471604530184342,-1.3413265088744366,0.11921010300322124
15.554250198014724,-1.4122385900293166,0.12321803215602248
15.635488816648786,-1.484758355802487,0.12530530700778766
15.715288978474204,-1.558858043331103,0.12927883423218667
15.793619844135357,-1.634509249191041,0.1312433941041619
15.870451152642724,-1.711682945812621,0.13514477459075835
15.945753231448624,-1.790349497192621,0.1370388180938839
16.0194970064934,-1.87047867407814,0.14080688299104874
16.091654012184378,-1.9520396687319643,0.1426410039052385
16.16219640129211,-2.0350011093875136,0.14625671862170422
16.2310969547426,-2.1193310744774503,0.14802315233633576
16.298329091287375,-2.204997106705875,0.1514863087665947
16.363866877033804,-2.291966227021463,0.15317765812190595
16.427685034819415,-2.3802049485381143,0.1564881079067809
16.48975895341549,-2.469679290441355,0.1580973343186112
16.55006469654607,-2.5603547919107075,0.16125497132477273
16.60857901170813,-2.6521965260800013,0.16277539098783442
16.665279338792768,-2.745169114072701,0.16578013892898097
16.720143818468376,-2.839236739082643,0.16720542252029177
16.773151300354925,-2.9343631605722766,0.17005722621888053
16.824281350951022,-3.030511728550801,0.17138140095814597
16.87351426131821,-3.1276453979578056,0.17408022018236827
16.92083105451308,-3.225726743152887,0.17529767342444935
16.966213492760616,-3.324717972514045,0.17784347854465402
17.009644084362698,-3.424580943145409,0.17894896230898133
17.05110609033648,-3.525277175694604,0.18134173123862102
17.090583530777522,-3.626767869278501,0.18233036724762702
17.128061190943445,-3.729013916515238,0.18457008329000776
17.16352462705322,-3.8319759186597415,0.18543736820913762
17.19696017179917,-3.935614200839901,0.18752401854315895
17.228354939567442,-4.039888827389023,0.18826582920089768
17.25769683136452,-4.144759617271382,0.19019940381619044
17.284974539446004,-4.2501861595947705,0.19081200224496506
17.310177551645918,-4.356127829206935,0.1925924931937195
17.333296155403303,-4.4625438023692565,0.1930725313769479
17.354321441484917,-4.569393072505871,0.19469993224857832
17.373245307400897,-4.676634466017098,0.19504445649043942
17.390060460512192,-4.784226658155286,0.1965187620426485
17.40476042082869,-4.892128188959051,0.19672521690136222
17.41733952349553,-5.0002974792362,0.19804642280135953
17.427792920967303,-5.108692846591775,0.19811265454127097
17.436116584868394,-5.217272521494653,0.19928075718408048
17.442307307539085,-5.325994663376916,0.1992050167155529
17.446362703266203,-5.434817376760007,0.20022001309675302
17.448281209197933,-5.543698727401359,0.2000003423073437
17.44806208594217,-5.65259675845526,0.200858891258958
17.44570541784829,-5.761469506642523,0.20039663460802737
17.44121211297201,-5.870275018421938,0.2005998764547094
17.434583902723055,-5.978971366157818,0.19925711732638962
17.42582334119605,-6.0875166642775245,0.1975853786348139
17.41493380418479,-6.195869085412662,0.19421805590392624
17.401919487879958,-6.303986876517128,0.18982346236068673
17.386785407251082,-6.411828374956483,0.18363092216567117
17.369537394112882,-6.519352024564225,0.1759781928207683
17.350182094877468,-6.626516391653715,0.1664502709962546
17.328726967992402,-6.733280180985457,0.15519885959576574
17.305180281065823,-6.83960225168084,0.14201355043494115
17.279551139658956,-6.945441641114757,0.12695001858167754
17.251863328352847,-7.0507612929622425,0.1099243993828414
17.22222052378471,-7.155547753446533,0.09104409993314613
17.1909886684614,-7.259872402605136,0.07063354553985093
17.15876381618158,-7.363895094098749,0.04929102005508061
17.126038234136455,-7.467761539494132,0.027502148956519753
17.093210107288623,-7.571595654450436,0.0056608156143102325
17.060609627663638,-7.675501408516967,0.01589957057731439
17.0285149738868,-7.779564402801141,0.036908192516596224
16.997162846348807,-7.883853368974721,0.057121872509585905
16.966755873681517,-7.988421666200842,0.07634681912403003
16.937468119029617,-8.093308788528526,0.09440215878980654
16.909449369583946,-8.198541863814427,0.11114764721988463
16.8828286035051,-8.304137113579802,0.12644843545896978
16.857716868692638,-8.410101243052374,0.14020319335011738
16.83420971756112,-8.51643273640033,0.15231193479027405
16.812389290174426,-8.623123040185105,0.16270201132639905
16.792326108063364,-8.730157626139405,0.1713000215221472
16.77408062344412,-8.83751693137966,0.1780545068125983
16.75770455803143,-8.94517717951812,0.18291234388986255
16.74324205909395,-9.053111089913257,0.1858377352381782
16.730730696079736,-9.161288484608177,0.1867930192951005
16.720202318048305,-9.26967680365201,0.18575388980043137
16.711683789732344,-9.378241539782348,0.18269485612909867
16.705197622030312,-9.486946603128112,0.17759984367954668
16.70076251094983,-9.595754625894443,0.17045280865432225
16.698393797415452,-9.704627216075002,0.1612439904222962
16.698103858888246,-9.813525168242096,0.14996447513768604
16.699902442408792,-9.922408638445544,0.1366096038979288
16.703796826413807,-10.031237294697094,0.12117601464954833
16.70973230739056,-10.139973968627435,0.10372250051901866
16.71745793226926,-10.248598566758837,0.08450051403994265
16.72656320505351,-10.357116778964135,0.06391787843845274
16.736496597374813,-10.465562662748514,0.04251926866176217
16.746786529494646,-10.573975416585,0.020769576417573616
16.757046616416577,-10.682390992315186,0.0009508799621114589
16.766954292425282,-10.790839261608626,0.0223244510089325
16.776237238549506,-10.89934267155206,0.043082774254896775
16.784664110675198,-11.007915782635092,0.06299731557587165
16.792037786191948,-11.11656535541136,0.0818727995169381
16.79819017081906,-11.225290777828691,0.09954199377802042
16.802978029653257,-11.33408469252398,0.11586169586128504
16.806279533241494,-11.442933725359094,0.13070933356499506
16.80799133465105,-11.551819246006737,0.14398016360977725
16.808026063594443,-11.66071811353036,0.1555848477120584
16.80631016315589,-11.769603376807597,0.1654473774562814
16.802782017013797,-11.87844491238538,0.17350328489161446
16.79739032785206,-11.987209991662516,0.1796980805696773
16.790092715214428,-12.095863775763716,0.18398592441571013
16.780854505814407,-12.204369740771996,0.18632845381933733
16.769647692614384,-12.312690038565202,0.18669380169780397
16.756450041549645,-12.42078579985881,0.18505572567687786
16.741244326958817,-12.528617386555386,0.18139288883104782
16.72401767876043,-12.6361446004327,0.17568821935385248
16.70476102625491,-12.743326854774477,0.16792838800328405
16.683468625148304,-12.850123314949226,0.15810334159422143
16.660137655992123,-12.95649301323475,0.14620592582871972
16.634767883703297,-13.062394942487227,0.13223154798606856
16.607361369165023,-13.16778813257826,0.11617790557920146
16.577964497343682,-13.272643821309607,0.09808806384844518
16.546919881175953,-13.37702419428524,0.07830930424847533
16.514729591554225,-13.4810574776094,0.057354478741911026
16.481899877025445,-13.584891017570603,0.03574262596030387
16.448854024345078,-13.688656047091728,0.01390857943787046
16.415940774803836,-13.792463177247528,0.007789141115041598
16.383452733278233,-13.89640406777245,0.029049848712502317
16.351638247410985,-14.00055296206313,0.04961871311474617
16.320709602626422,-14.104968197914252,0.06927845241417382
16.290849015929915,-14.209693724948997,0.08784321139043556
16.2622132429324,-14.314760618512404,0.10515382012970591
16.23493726305677,-14.420188562409123,0.12107397183545643
16.209137316951534,-14.525987269494632,0.13548705189682028
16.184913462821434,-14.632157813331077,0.1482934543838372
16.162351757028603,-14.738693851605078,0.15940828391564096
16.14152612885029,-14.845582730165388,0.16875937413825826
16.12249999856828,-14.952806463898025,0.17628557462843578
16.10532767576486,-15.060342596525745,0.18193526912949326
16.0900555671681,-15.168164945630254,0.18566509540646856
16.07672321851129,-15.27624424193252,0.18743884134861352
